name,region
HEC Montreal,United States/Canada
University of Ottawa (Telfer),United States/Canada
University of Miami (Herbert),United States/Canada
Hult International Business School,United States/Canada
Washington University in St. Louis (Olin),United States/Canada
WU Vienna University of Economics and Business - WU Executive Academy,Europe
Vlerick Business School,Europe
Antwerp Management School - Universiteit Antwerpen,Europe
Copenhagen Business School,Europe
Aarhus School of Business and Social Sciences - Aarhus University,Europe
Hanken School of Economics,Europe
Aalto University School of Business,Europe
EMLyon Business School,Europe
Burgundy School of Business,Europe
Audencia - School of Management,Europe
ICN Business School,Europe
NEOMA Business School,Europe
EDHEC Business School,Europe
Rennes School of Business,Europe
TBS Education,Europe
INSEAD,Europe
Kedge BS,Europe
ESSEC Business School,Europe
IESEG School of Management,Europe
Montpellier Business School,Europe
HEC Paris,Europe
EM Strasbourg Business School,Europe
Grenoble Ecole de Management,Europe
EM Normandie,Europe
Excelia Group - La Rochelle Business School,Europe
TUM School of Management - Technical University of Munich,Europe
Frankfurt School of Finance & Management,Europe
Mannheim Business School,Europe
ESMT - European School of Management and Technology,Europe
University of Limerick - Kemmy Business School,Europe
Trinity College Dublin - Trinity Business School,Europe
University College Dublin (UCD Smurfit),Europe
LUISS Business School,Europe
MIP Politecnico di Milano - School of Management,Europe
SDA Bocconi,Europe
Rotterdam School of Management - Erasmus University,Europe
Amsterdam Business School - Universiteit van Amsterdam,Europe
Maastricht University - School of Business and Economics,Europe
NHH - Norwegian School of Economics,Europe
BI Norwegian Business School,Europe
University of Warsaw - Faculty of Management,Europe
Kozminski University,Europe
Nova School of Business and Economics - Universidade Nova de Lisboa,Europe
Catolica Lisbon School of Business and Economics - Universidade Católica Portuguesa,Europe
Católica Porto Business School - Universidade Católica Portuguesa,Europe
University of Ljubljana - School of Economics and Business,Europe
IE Business School - Instituto de Empresa,Europe
ESADE,Europe
University of Gothenburg - GU School of Executive Education,Europe
LUSEM - Lund University School of Economics and Management,Europe
University of St. Gallen,Europe
IMD Business School,Europe
Koç University - Graduate School of Business,Europe
University of Strathclyde - Strathclyde Business School,Europe
Nottingham University - Business School,Europe
University of Glasgow - Adam Smith Business School,Europe
Sheffield University - Management School,Europe
Leeds University - Business School,Europe
Aston University - Aston Business School,Europe
University of Exeter - Business School,Europe
"Bayes Business School - City, University of London",Europe
Alliance Manchester Business School - The University of Manchester,Europe
University of Edinburgh - Business School,Europe
Cranfield School of Management - Cranfield University,Europe
The Open University - Business School,Europe
University of Birmingham - Birmingham Business School,Europe
King's Business School - King's College London,Europe
Durham University - Business School,Europe
London Business School,Europe
Newcastle University - Business School,Europe
Henley Business School - University of Reading,Europe
Imperial College - Imperial College Business School,Europe
Lancaster University - Lancaster University Management School,Europe
Loughborough University - School of Business and Economics,Europe
Warwick Business School - University of Warwick,Europe
Kent Business School - University of Kent,Europe
University of Bradford - School of Management,Europe
University of Liverpool - Management School,Europe
Manchester Metropolitan University - Business School,Europe
The University of Sydney - Business School,Asia/Pacific
QUT Business School,Asia/Pacific
Monash University - Business and Economics,Asia/Pacific
Xiamen University - School of Management,Asia/Pacific
HSBC Business School (PHBS) - Peking University,Asia/Pacific
Zhejiang University - School of Management,Asia/Pacific
XJTLU,Asia/Pacific
Shanghai University of Finance and Economics - SUFE,Asia/Pacific
UIBE,Asia/Pacific
Chongqing University - School of Economics and Business Administration,Asia/Pacific
Dalian University of Technology,Asia/Pacific
Shanghai Jiao Tong University - Antai College of Economics and Management,Asia/Pacific
Sun Yat-sen Business School - Sun Yat-sen University,Asia/Pacific
Lingnan (University) College - Sun Yat-sen University,Asia/Pacific
Beijing Institute of Technology - School of Management and Economics,Asia/Pacific
Beijing Jiaotong University - School of Economics and Management,Asia/Pacific
Hong Kong Baptist University - School of Business,Asia/Pacific
ISB,Asia/Pacific
"Indian Institute of Management, Indore - IIM Indore",Asia/Pacific
"Indian Institute of Management Calcutta - IIM, Calcutta",Asia/Pacific
Nagoya University of Commerce and Business - NUCB Business School,Asia/Pacific
Victoria University of Wellington - Victoria Business School,Asia/Pacific
The University of Waikato - Waikato Management School,Asia/Pacific
The University of Auckland - Graduate School of Management,Asia/Pacific
University of Canterbury - Business School,Asia/Pacific
Singapore Management University - Lee Kong Chian School of Business,Asia/Pacific
Thammasat University - Thammasat Business School,Asia/Pacific
Chulalongkorn Business School (Faculty of Commerce and Accountancy) - Chulalongkorn University,Asia/Pacific
IAE Business School - Universidad Austral,Latin America/Caribbean
Fundação Getulio Vargas (FGV) - EAESP,Latin America/Caribbean
Insper - Insper Instituto de Ensino e Pesquisa,Latin America/Caribbean
Universidad Adolfo Ibáñez - Escuela de Negocios,Latin America/Caribbean
Universidad de los Andes - Facultad de Administración,Latin America/Caribbean
INCAE Business School,Latin America/Caribbean
IPADE Graduate Business School - Instituto Panamericano de Alta Direccion de Empresa,Latin America/Caribbean
EGADE Business School - Instituto Tecnológico y de Estudios Superiores de Monterrey,Latin America/Caribbean
ITAM - Instituto Tecnológico Autónomo de México ,Latin America/Caribbean
CENTRUM PUCP Graduate Business School,Latin America/Caribbean
The American University in Cairo - School of Business,Africa/Middle East
UCT Graduate School of Business,Africa/Middle East
University of Stellenbosch Business School,Africa/Middle East
Gordon Institute of Business Science (GIBS) - University of Pretoria,Africa/Middle East
